{
	"server_port": 41050,
	"server_url": "http://127.0.0.1",
	"server_host": "127.0.0.1",
	"debug": false,
	"mainWindow": {
		"acceptFirstMouse": false,
		"frame": true,
		"height": 800,
		"minHeight": 450,
		"minWidth": 350,
		"title": "WordPress.com",
		"useContentSize": true,
		"width": 900,
		"webPreferences": {
			"overlayScrollbars": false
		}
	},
	"preferencesWindow": {
		"acceptFirstMouse": true,
		"center": true,
		"fullscreen": false,
		"height": 375,
		"resizable": false,
		"skipTaskbar": true,
		"title": "Preferences",
		"useContentSize": true,
		"width": 480
	},
	"aboutWindow": {
		"acceptFirstMouse": true,
		"center": true,
		"fullscreen": false,
		"height": 260,
		"resizable": false,
		"skipTaskbar": true,
		"title": "About WordPress.com",
		"useContentSize": true,
		"width": 300
	},
	"secretWindow": {
		"acceptFirstMouse": true,
		"center": true,
		"frame": false,
		"fullscreen": false,
		"height": "full",
		"resizable": false,
		"skipTaskbar": true,
		"transparent": true,
		"width": "full"
	},
	"crash_reporter": false,
	"updater": false,
	"settings_filename": "settings.json",
	"default_settings": {
		"notification-badge": true,
		"notification-bounce": false,
		"release-channel": "stable",
		"proxy-type": "",
		"proxy-url": "socks5://localhost",
		"proxy-port": "8080",
		"proxy-pac": "",
		"spellcheck-enabled": false
	}
}
